financial_year,industry,operating_start,entries_total,exits_total,operating_end,entry_rate,exit_rate
2022-23,"Agriculture, Forestry and Fishing",175272,13845,14428,174689,7.9,8.1999999999999993
2022-23,Mining,8357,980,889,8448,11.7,10.6
2022-23,Manufacturing,89250,11228,10564,89914,12.6,11.8
2022-23,"Electricity, Gas, Water and Waste Services",8341,1256,1019,8578,15.1,12.2
2022-23,Construction,435420,73113,64463,444070,16.8,14.8
2022-23,Wholesale Trade,81794,11203,11037,81960,13.7,13.5
2022-23,Retail Trade,157321,23766,24106,156981,15.1,15.3
2022-23,Accommodation and Food Services,110368,18340,18515,110193,16.600000000000001,16.8
2022-23,"Transport, Postal and Warehousing",209753,55118,46458,218413,26.3,22.1
2022-23,Information Media and Telecommunications,24596,3865,3770,24691,15.7,15.3
2022-23,Financial and Insurance Services,119730,18658,15325,123063,15.6,12.8
2022-23,"Rental, Hiring and Real Estate Services",286229,32553,28361,290421,11.4,9.9
2022-23,"Professional, Scientific and Technical Services",329618,51382,44997,336003,15.6,13.7
2022-23,Administrative and Support Services,117731,24806,21869,120668,21.1,18.600000000000001
2022-23,Public Administration and Safety,7505,1370,1347,7528,18.3,17.899999999999999
2022-23,Education and Training,40509,6408,6010,40907,15.8,14.8
2022-23,Health Care and Social Assistance,174154,29722,18015,185861,17.100000000000001,10.3
2022-23,Arts and Recreation Services,36653,6649,5651,37651,18.100000000000001,15.4
2022-23,Other Services,125074,21766,18917,127923,17.399999999999999,15.1
2023-24,"Agriculture, Forestry and Fishing",174689,12622,14807,172504,7.2,8.5
2023-24,Mining,8448,1019,886,8581,12.1,10.5
2023-24,Manufacturing,89914,11553,10965,90502,12.8,12.2
2023-24,"Electricity, Gas, Water and Waste Services",8578,1357,1131,8804,15.8,13.2
2023-24,Construction,444070,76604,67644,453030,17.3,15.2
2023-24,Wholesale Trade,81960,11461,11440,81981,14,14
2023-24,Retail Trade,156981,24484,24830,156635,15.6,15.8
2023-24,Accommodation and Food Services,110193,19533,18236,111490,17.7,16.5
2023-24,"Transport, Postal and Warehousing",218413,63697,45103,237007,29.2,20.7
2023-24,Information Media and Telecommunications,24691,4003,3818,24876,16.2,15.5
2023-24,Financial and Insurance Services,123063,21018,15150,128931,17.100000000000001,12.3
2023-24,"Rental, Hiring and Real Estate Services",290421,36272,27748,298945,12.5,9.6
2023-24,"Professional, Scientific and Technical Services",336003,54793,45974,344822,16.3,13.7
2023-24,Administrative and Support Services,120668,25805,22613,123860,21.4,18.7
2023-24,Public Administration and Safety,7528,1433,1325,7636,19,17.600000000000001
2023-24,Education and Training,40907,7062,5929,42040,17.3,14.5
2023-24,Health Care and Social Assistance,185861,34045,19705,200201,18.3,10.6
2023-24,Arts and Recreation Services,37651,6649,5868,38432,17.7,15.6
2023-24,Other Services,127923,22318,19251,130990,17.399999999999999,15
2024-25,"Agriculture, Forestry and Fishing",172504,12414,13872,171046,7.2,8
2024-25,Mining,8581,955,876,8660,11.1,10.199999999999999
2024-25,Manufacturing,90502,11179,10994,90687,12.4,12.1
2024-25,"Electricity, Gas, Water and Waste Services",8804,1269,1185,8888,14.4,13.5
2024-25,Construction,453030,76461,66443,463048,16.899999999999999,14.7
2024-25,Wholesale Trade,81981,11218,11130,82069,13.7,13.6
2024-25,Retail Trade,156635,24192,24809,156018,15.4,15.8
2024-25,Accommodation and Food Services,111490,19574,18193,112871,17.600000000000001,16.3
2024-25,"Transport, Postal and Warehousing",237007,63800,51825,248982,26.9,21.9
2024-25,Information Media and Telecommunications,24876,4006,3634,25248,16.100000000000001,14.6
2024-25,Financial and Insurance Services,128931,21052,16315,133668,16.3,12.7
2024-25,"Rental, Hiring and Real Estate Services",298945,37489,28228,308206,12.5,9.4
2024-25,"Professional, Scientific and Technical Services",344822,55744,47081,353485,16.2,13.7
2024-25,Administrative and Support Services,123860,25318,22147,127031,20.399999999999999,17.899999999999999
2024-25,Public Administration and Safety,7636,1471,1336,7771,19.3,17.5
2024-25,Education and Training,42040,6904,5898,43046,16.399999999999999,14
2024-25,Health Care and Social Assistance,200201,34735,21512,213424,17.399999999999999,10.7
2024-25,Arts and Recreation Services,38432,6594,5734,39292,17.2,14.9
2024-25,Other Services,130990,22554,19022,134522,17.2,14.5
2025-26,"Agriculture, Forestry and Fishing",171046,12608,13469,170185,7.4,7.9
2025-26,Mining,8660,1036,941,8755,12,10.9
2025-26,Manufacturing,90687,11326,11134,90879,12.5,12.3
2025-26,"Electricity, Gas, Water and Waste Services",8888,1465,1185,9168,16.5,13.3
2025-26,Construction,463048,83004,67401,478651,17.899999999999999,14.6
2025-26,Wholesale Trade,82069,11141,10762,82448,13.6,13.1
2025-26,Retail Trade,156018,24568,24443,156143,15.7,15.7
2025-26,Accommodation and Food Services,112871,19260,17762,114369,17.100000000000001,15.7
2025-26,"Transport, Postal and Warehousing",248982,66091,53964,261109,26.5,21.7
2025-26,Information Media and Telecommunications,25248,4708,3706,26250,18.600000000000001,14.7
2025-26,Financial and Insurance Services,133668,22274,16525,139417,16.7,12.4
2025-26,"Rental, Hiring and Real Estate Services",308206,40396,28885,319717,13.1,9.4
2025-26,"Professional, Scientific and Technical Services",353485,60636,47832,366289,17.2,13.5
2025-26,Administrative and Support Services,127031,25833,22534,130330,20.3,17.7
2025-26,Public Administration and Safety,7771,1505,1368,7908,19.399999999999999,17.600000000000001
2025-26,Education and Training,43046,7120,5930,44236,16.5,13.8
2025-26,Health Care and Social Assistance,213424,37117,22839,227702,17.399999999999999,10.7
2025-26,Arts and Recreation Services,39292,7106,5606,40792,18.100000000000001,14.3
2025-26,Other Services,134522,23043,18830,138735,17.100000000000001,14
