financial_year,industry,insolvencies
2021-2022,Accommodation and Food Services,738
2021-2022,Administrative and Support Services,222
2021-2022,"Agriculture, Forestry and Fishing",59
2021-2022,Arts and Recreation Services,67
2021-2022,Construction,1284
2021-2022,Education and Training,38
2021-2022,"Electricity, Gas, Water and Waste Services",82
2021-2022,Financial and Insurance Services,184
2021-2022,Health Care and Social Assistance,73
2021-2022,Information Media and Telecommunications,124
2021-2022,Manufacturing,181
2021-2022,Mining,72
2021-2022,Other Services,707
2021-2022,"Professional, Scientific and Technical Services",249
2021-2022,Public Administration and Safety,25
2021-2022,"Rental, Hiring and Real Estate Services",172
2021-2022,Retail Trade,319
2021-2022,"Transport, Postal and Warehousing",196
2021-2022,Unknown,8
2021-2022,Wholesale Trade,112
2022-2023,Accommodation and Food Services,1114
2022-2023,Administrative and Support Services,409
2022-2023,"Agriculture, Forestry and Fishing",95
2022-2023,Arts and Recreation Services,149
2022-2023,Construction,2213
2022-2023,Education and Training,73
2022-2023,"Electricity, Gas, Water and Waste Services",104
2022-2023,Financial and Insurance Services,284
2022-2023,Health Care and Social Assistance,160
2022-2023,Information Media and Telecommunications,203
2022-2023,Manufacturing,458
2022-2023,Mining,140
2022-2023,Other Services,670
2022-2023,"Professional, Scientific and Technical Services",433
2022-2023,Public Administration and Safety,45
2022-2023,"Rental, Hiring and Real Estate Services",325
2022-2023,Retail Trade,540
2022-2023,"Transport, Postal and Warehousing",347
2022-2023,Unknown,22
2022-2023,Wholesale Trade,158
2023-2024,Accommodation and Food Services,1668
2023-2024,Administrative and Support Services,547
2023-2024,"Agriculture, Forestry and Fishing",175
2023-2024,Arts and Recreation Services,200
2023-2024,Construction,2977
2023-2024,Education and Training,94
2023-2024,"Electricity, Gas, Water and Waste Services",137
2023-2024,Financial and Insurance Services,310
2023-2024,Health Care and Social Assistance,281
2023-2024,Information Media and Telecommunications,260
2023-2024,Manufacturing,578
2023-2024,Mining,138
2023-2024,Other Services,1040
2023-2024,"Professional, Scientific and Technical Services",656
2023-2024,Public Administration and Safety,69
2023-2024,"Rental, Hiring and Real Estate Services",397
2023-2024,Retail Trade,768
2023-2024,"Transport, Postal and Warehousing",495
2023-2024,Unknown,47
2023-2024,Wholesale Trade,216
2024-2025,Accommodation and Food Services,2476
2024-2025,Administrative and Support Services,799
2024-2025,"Agriculture, Forestry and Fishing",174
2024-2025,Arts and Recreation Services,262
2024-2025,Construction,3596
2024-2025,Education and Training,164
2024-2025,"Electricity, Gas, Water and Waste Services",171
2024-2025,Financial and Insurance Services,438
2024-2025,Health Care and Social Assistance,481
2024-2025,Information Media and Telecommunications,332
2024-2025,Manufacturing,636
2024-2025,Mining,144
2024-2025,Other Services,1506
2024-2025,"Professional, Scientific and Technical Services",1010
2024-2025,Public Administration and Safety,70
2024-2025,"Rental, Hiring and Real Estate Services",567
2024-2025,Retail Trade,871
2024-2025,"Transport, Postal and Warehousing",734
2024-2025,Unknown,29
2024-2025,Wholesale Trade,262
2025-2026,Accommodation and Food Services,2078
2025-2026,Administrative and Support Services,745
2025-2026,"Agriculture, Forestry and Fishing",184
2025-2026,Arts and Recreation Services,281
2025-2026,Construction,3472
2025-2026,Education and Training,141
2025-2026,"Electricity, Gas, Water and Waste Services",159
2025-2026,Financial and Insurance Services,433
2025-2026,Health Care and Social Assistance,464
2025-2026,Information Media and Telecommunications,263
2025-2026,Manufacturing,667
2025-2026,Mining,193
2025-2026,Other Services,1384
2025-2026,"Professional, Scientific and Technical Services",993
2025-2026,Public Administration and Safety,64
2025-2026,"Rental, Hiring and Real Estate Services",527
2025-2026,Retail Trade,1006
2025-2026,"Transport, Postal and Warehousing",813
2025-2026,Unknown,36
2025-2026,Wholesale Trade,250
